<?xml version="1.0" encoding="UTF-8"?>
<configuration>

    <include resource="org/springframework/boot/logging/logback/defaults.xml"/>

	<property name="LOG_FILE_ENTRY" value="/opt/data/api-demo/log/entry.log"/>
    <property name="LOG_FILE_INFO" value="/opt/data/api-demo/log/info.log"/>
    <property name="LOG_FILE_ERROR" value="/opt/data/api-demo/log/error.log"/>
    <property name="LOG_PATTERN" value="%d{HH:mm:ss.SSS} [%thread] %X{correlationId} %-5level %logger{36} - %msg%n"/>

    <include resource="org/springframework/boot/logging/logback/console-appender.xml"/>


    <appender name="LOG_ENTRY" class="ch.qos.logback.core.rolling.RollingFileAppender">
        <file>${LOG_FILE_ENTRY}</file>
         <rollingPolicy class="ch.qos.logback.core.rolling.TimeBasedRollingPolicy">
	      <!-- daily rollover -->
	      <fileNamePattern>/opt/data/api-demo/archive/log/${LOG_FILE_ENTRY}_%d{yyyy-MM-dd}.%i.log</fileNamePattern>
	      <timeBasedFileNamingAndTriggeringPolicy class="ch.qos.logback.core.rolling.SizeAndTimeBasedFNATP">
	          <!-- or whenever the file size reaches 50MB -->
	        <maxFileSize>50MB</maxFileSize>
	      </timeBasedFileNamingAndTriggeringPolicy>
	      <!-- keep 30 days' worth of history -->
	      <maxHistory>30</maxHistory>
    </rollingPolicy>
    <filter class="ch.qos.logback.classic.filter.LevelFilter">
        <level>TRACE</level>
        <onMatch>ACCEPT</onMatch>
        <onMismatch>DENY</onMismatch>
    </filter>
        <encoder>
            <pattern>${LOG_PATTERN}</pattern>
        </encoder>
    </appender>


    <appender name="LOG_INFO" class="ch.qos.logback.core.rolling.RollingFileAppender">
        <file>${LOG_FILE_INFO}</file>
         <rollingPolicy class="ch.qos.logback.core.rolling.TimeBasedRollingPolicy">
	      <!-- daily rollover -->
	      <fileNamePattern>/opt/data/api-demo/archive/log/${LOG_FILE_INFO}_%d{yyyy-MM-dd}.%i.log</fileNamePattern>
	      <timeBasedFileNamingAndTriggeringPolicy class="ch.qos.logback.core.rolling.SizeAndTimeBasedFNATP">
	          <!-- or whenever the file size reaches 50MB -->
	        <maxFileSize>50MB</maxFileSize>
	      </timeBasedFileNamingAndTriggeringPolicy>
	      <!-- keep 30 days' worth of history -->
	      <maxHistory>30</maxHistory>
    </rollingPolicy>
    <filter class="ch.qos.logback.classic.filter.LevelFilter">
        <level>INFO</level>
        <onMatch>ACCEPT</onMatch>
        <onMismatch>DENY</onMismatch>
    </filter>
        <encoder>
            <pattern>${LOG_PATTERN}</pattern>
        </encoder>
    </appender>

    <appender name="LOG_ERROR" class="ch.qos.logback.core.rolling.RollingFileAppender">
        <file>${LOG_FILE_ERROR}</file>
        
      <rollingPolicy class="ch.qos.logback.core.rolling.TimeBasedRollingPolicy">
	      <!-- daily rollover -->
	      <fileNamePattern>/opt/data/api-demo/archive/log/${LOG_FILE_ERROR}_%d{yyyy-MM-dd}.%i.log</fileNamePattern>
	      <timeBasedFileNamingAndTriggeringPolicy class="ch.qos.logback.core.rolling.SizeAndTimeBasedFNATP">
	          <!-- or whenever the file size reaches 50MB -->
	        <maxFileSize>50MB</maxFileSize>
	      </timeBasedFileNamingAndTriggeringPolicy>
	      <!-- keep 30 days' worth of history -->
	      <maxHistory>30</maxHistory>
    </rollingPolicy>
        
    <filter class="ch.qos.logback.classic.filter.ThresholdFilter">
        <level>WARN</level>
    </filter>
        <encoder>
             <pattern>${LOG_PATTERN}</pattern>
        </encoder>
    </appender>

    <root level="INFO">
       <appender-ref ref="CONSOLE"/>
    </root>

    <logger name="com.jay.demo" additivity="false" level="ALL">
       <appender-ref ref="CONSOLE"/>
       <appender-ref ref="LOG_ENTRY"/>
       <appender-ref ref="LOG_INFO"/>
       <appender-ref ref="LOG_ERROR"/>
    </logger>

</configuration>