<?xml version="1.0" encoding="UTF-8"?>
<configuration>

    <include resource="org/springframework/boot/logging/logback/defaults.xml"/>

	<property name="LOG_DESTINATION" value="/opt/data/api-demo/log"/>
	<property name="ARCHIEVE_DESTINATION" value="/opt/data/api-demo/archive/log"/>
	
	<property name="LOG_FILE_ENTRY" value="entry.log"/>
    <property name="LOG_FILE_APPLICATION" value="application.log"/>
    <property name="LOG_FILE_EXCEPTION" value="exception.log"/>
    
    <property name="LOG_PATTERN" value="%d{HH:mm:ss.SSS} [%thread] %X{correlationId} %-5level %logger{36} - %msg%n"/>

    <include resource="org/springframework/boot/logging/logback/console-appender.xml"/>

	<turboFilter class="ch.qos.logback.classic.turbo.MarkerFilter">
		<Name>ENTRY_FILTER</Name>
		<Marker>ENTRY</Marker>
		<OnMatch>DENY</OnMatch>
	</turboFilter>

    <appender name="LOG_ENTRY" class="ch.qos.logback.core.rolling.RollingFileAppender">
       
         <!-- the filter element -->
	    <filter class="ch.qos.logback.core.filter.EvaluatorFilter">   
	      <evaluator class="ch.qos.logback.classic.boolex.OnMarkerEvaluator">
	        <marker>ENTRY</marker>
	      </evaluator>
	     <onMismatch>DENY</onMismatch>
	     <onMatch>ACCEPT</onMatch>
	   </filter>
       
        <file>${LOG_DESTINATION}/${LOG_FILE_ENTRY}</file>
         <rollingPolicy class="ch.qos.logback.core.rolling.TimeBasedRollingPolicy">
	      <!-- daily rollover -->
	      <fileNamePattern>${ARCHIEVE_DESTINATION}/${LOG_FILE_ENTRY}_%d{yyyy-MM-dd}.%i.log</fileNamePattern>
	      <timeBasedFileNamingAndTriggeringPolicy class="ch.qos.logback.core.rolling.SizeAndTimeBasedFNATP">
	          <!-- or whenever the file size reaches 50MB -->
	        <maxFileSize>50MB</maxFileSize>
	      </timeBasedFileNamingAndTriggeringPolicy>
	      <!-- keep 30 days' worth of history -->
	      <maxHistory>30</maxHistory>
    </rollingPolicy>
    
        <encoder>
            <pattern>${LOG_PATTERN}</pattern>
        </encoder>
    </appender>


    <appender name="LOG_APPLICATION" class="ch.qos.logback.core.rolling.RollingFileAppender">
        <file>${LOG_DESTINATION}/${LOG_FILE_APPLICATION}</file>
         <rollingPolicy class="ch.qos.logback.core.rolling.TimeBasedRollingPolicy">
	      <!-- daily rollover -->
	      <fileNamePattern>${ARCHIEVE_DESTINATION}/${LOG_FILE_APPLICATION}_%d{yyyy-MM-dd}.%i.log</fileNamePattern>
	      <timeBasedFileNamingAndTriggeringPolicy class="ch.qos.logback.core.rolling.SizeAndTimeBasedFNATP">
	          <!-- or whenever the file size reaches 50MB -->
	        <maxFileSize>50MB</maxFileSize>
	      </timeBasedFileNamingAndTriggeringPolicy>
	      <!-- keep 30 days' worth of history -->
	      <maxHistory>30</maxHistory>
    </rollingPolicy>
    <filter class="ch.qos.logback.classic.filter.LevelFilter">
        <level>INFO</level>
        <onMatch>ACCEPT</onMatch>
        <onMismatch>DENY</onMismatch>
    </filter>
        <encoder>
            <pattern>${LOG_PATTERN}</pattern>
        </encoder>
    </appender>

    <appender name="LOG_EXCEPTION" class="ch.qos.logback.core.rolling.RollingFileAppender">
        <file>${LOG_DESTINATION}/${LOG_FILE_EXCEPTION}</file>
        
      <rollingPolicy class="ch.qos.logback.core.rolling.TimeBasedRollingPolicy">
	      <!-- daily rollover -->
	      <fileNamePattern>${ARCHIEVE_DESTINATION}/${LOG_FILE_EXCEPTION}_%d{yyyy-MM-dd}.%i.log</fileNamePattern>
	      <timeBasedFileNamingAndTriggeringPolicy class="ch.qos.logback.core.rolling.SizeAndTimeBasedFNATP">
	          <!-- or whenever the file size reaches 50MB -->
	        <maxFileSize>50MB</maxFileSize>
	      </timeBasedFileNamingAndTriggeringPolicy>
	      <!-- keep 30 days' worth of history -->
	      <maxHistory>30</maxHistory>
    </rollingPolicy>
        
    <filter class="ch.qos.logback.classic.filter.ThresholdFilter">
        <level>WARN</level>
    </filter>
        <encoder>
             <pattern>${LOG_PATTERN}</pattern>
        </encoder>
    </appender>

    <root level="INFO">
       <appender-ref ref="CONSOLE"/>
    </root>

    <logger name="com.jay.demo" additivity="false" level="ALL">
       <appender-ref ref="CONSOLE"/>
       <appender-ref ref="LOG_ENTRY"/>
       <appender-ref ref="LOG_APPLICATION"/>
       <appender-ref ref="LOG_EXCEPTION"/>
    </logger>

</configuration>